user_server,password
2a1a5a2ee6fb0dc494ce7604c22c4562b385bbd4,3Eyz5fTfsYr987f4LpYscgaZ55F6g72q8yHnmQCZb3F1
2a74ed93-4e4e-4fc8-95b5-6ec7a6de86bb,7ddb914f-c6b4-4b19-baed-4b6511f23bd0
2dd17a69-5b85-4230-a712-795115b9ec90,53755795-1921-4eb5-bf86-0d573af1085a
2e7dec9c-a6f7-49a8-a1ed-c26eaff00293,2f8a8c5b-c77c-4f7c-9b1e-49d6efacf191
2e9fd065ffb9f88dddf1b2bf9d6a72ecaba07f18,CzLndjP8ApkFitJNk5k4BK82gcZWmuG8tgQyeu4q3kn1
2f038cd2-086a-4e64-94a7-31db9c58c0a9,766e1406-3663-4145-aa9b-13bdb758b2c3
2f6850ee-a373-4b73-ae3b-bb8e073f2e48,880f63fb-ed02-47c4-979a-fb329d866c32
2f74b7cb-fe01-4d33-9175-5bb4eecf2fb6,ec6ceabf-708c-4d88-a847-14717f687de2
3015fd30-986b-4c63-82cf-380db7c3bedc,d7134935-46ec-4b84-8687-150b2287df63
3291d027a8999ab1bf78d0ed9af3c321083282f3,JCrsNeFAsZTzPBYeuBPzQhXa2rxw8ApHpchfScYfgF8P
3403c047-456e-4da5-88a6-d0ffd560cac4,ca5e3042-7c6e-4ae0-aaf7-7d2e9ced2824
345d3ee5-08e5-434a-b989-ff893c997591,77e758ed-3719-47fd-9f7b-d3d585e67350
34c19bac-2354-45b4-8a49-2e4111afb133,d34d6322-be0e-4404-8e08-18753eb99575
35f74b12-a8f6-40b3-9292-980c95e823f1,d29ec5c2-6011-407b-8b19-95ffc8e6ee26
36cb6c98-47c8-4d00-9957-1b291704a698,5683568e-9854-45e1-b224-865a55be3629
373837fc-f8a1-4e0e-8c18-b51e34be7d54,fa91a717-8c9c-4a28-83bb-72fa0d0e4d37
373a60a0-1338-4593-bd30-bef4f3d709e5,0a90a451-b769-47c7-aba9-fedaa36e81da
374cc26d-4472-4c60-8ee0-9ac689fbab28,83fc6e2e-da67-403b-ba47-18443cea32a9
37b0fe17-104e-4c20-b4ed-b53c70ce3834,266e1582-9ed0-4952-b298-5f60046914da
37c23d774f0bbcc4fda5741800c421eed6b174eb,BajSPyYXVyKiB8LBT4X1EzVeDs1b4a1TUSQMmZ5MMfV
3950e907-5293-49cb-9cc0-95361fae91b5,a5cb9cc1-2684-450f-8e30-f9a7e34aeb23
396ef01c-134f-4621-8c20-feb4e24e1971,cbf31ee2-996a-43e6-81b3-51069341327c
399a4c3c-b7e2-47d1-8bd5-6f619a5cf735,54efee2f-70c5-492d-9b8b-c8591daa31e2
39e35a43-445e-4eea-8a8e-652685e7c424,17aed63d-79ba-4101-bc55-2b3c893b5b56
39fde036-285f-4cc6-bc3e-50cb434d13db,09ef29de-533b-45f6-b709-b1c369218199
3a60275a-a543-404c-874f-cd2be1524531,25161af1-08d8-4c2e-8cc8-52fbdd380f5a
3d03a3b8-2ec4-43b5-91c5-786829b07064,942d1f50-a9ae-4201-bc53-637b0f7c105d
3e30ab88-8ab9-435b-82bf-767a742deda5,bf6faa42-6ac3-494a-82bd-3e215442e972
3e90a3c455160852dbf156be2b1f144be154f14f,DVTYfWNmxS9okDnZRi7F6zb1rNaYNC4xq3iyNQY86GKH
3e926b76-8e64-4f95-843e-84dd7397960f,e5a3f4bd-d869-42f5-8963-63ee322055f7
3ea10a31-8a93-4f86-afda-d55fb1cf0007,1a93fd89-3f08-40fe-9ad7-3a2ad1da8838
4015fbce-95ea-4088-b780-a807c92efd57,1df004d8-3001-43dd-883f-52b52c01f06d
40a49b0d-ac2e-4317-8c12-4860591bab25,53307aef-bf66-435c-9482-8dc01aafe93d
40d494b8-8c2e-47e3-ad25-7e9c28569489,465270c7-5326-4b0c-8d91-cbd6997d4e5f
41177bfe-9a5c-4f6f-9154-9da1a807ba92,007c0e84-0578-4393-a61d-b45bf119b355
41dd0513-7966-4ae2-874a-a4f46be633c7,39d7f130-5d40-43aa-9d3f-ef040b17e0d3
4287b5d51c7351ffab0a60dd4fb6f29c78a5e1e6,AE6bwHSu4sbAgRtRNAjkaTuP8H6ETA8Qis8yceZV3WqP
447e721d-f23b-44b0-9fb5-d51f1a27c28d,1a8825d8-6a47-4986-9ca9-80ca6dd29600
4585508a-a8e4-4c58-8500-b635d1211b69,50243de9-50ea-402c-a949-e40e79d3299a
465ecf55-b7e3-450a-8884-c40ea4847f10,cfe269c1-2a3b-416f-af09-9fac4bc734a4
46befb2c-1067-4257-93f4-60360289de0b,3e9688b0-baff-40ee-8dcd-39aa18a1b820
478aeacf-c7a0-4e70-9517-38a69b7ebc8e,09315168-2e89-4cca-bbbc-c2865fad99d2
47b4603322d97c2e34959f12bc75b6dde8e801f6,9PK4HmxMtsAjnJpHpUW67pMD6DfNh4mHD5AFBUdiiPTW
47e8b281-774a-4a78-9fc2-1ea68dfad4c2,87b7581e-f95a-45fc-80b2-84eb99b87534
487e3a7c-2609-45f5-9e18-d70e6efaa090,ba9f93d0-bbc8-42da-9a64-236e260f71cb
48da2156272d743b4949aff284309da95db0d6c8,H6WuXvooM5uhP73QazKzMYzB5coiERGcQ1FQ7HfwngDR
48fe2cff-24a1-4d55-a065-67503ef18802,569ecfc7-7846-4cfc-8ec8-50ec4efd4fd9
49b8dbd2-f593-4e78-b21f-8e9d9f0be23f,03fc7bf9-1d29-49dc-aeee-28736bb9a116
49c7734f-17a7-4280-8df3-91af7322e68f,43ebc83a-ec7a-4104-85d7-f4d423dd0aa7
49fe26f9-6026-48dd-ba5d-02151e7d1735,53a5fb49-8e0a-4448-baa8-7c97fa6dd778
4aa08253-2ddd-497f-b8e5-fd1ed28f5115,f569dcb2-2151-426d-8b67-453402be9416
4b16ebea7117d8fffedfa8484cb19889638f6713,9ziRyBNXpyYgmpFJ82KYbVgGfMFDM9gaf3aWgdowfH2m
4b54a7f6-7223-4245-8c24-7f582af9f3a4,d13584e3-701a-4696-86fb-33a71df126f5
4c38404f-8ea7-4f12-9fd5-77ddceaec0a5,470960b6-5212-418c-bead-93db4ebe689b
4c3967f050a9d91b15a61261167859ab5bdfe0c0,BnmvVb5EbEu15U3E64eQ1yTpxca6DNqyuihbMfW7wbVg
4c7e9bf8-5770-4169-b2f2-0cf23317be9b,0d861dc0-fa4f-43c1-a772-db6d1fdbb8c5
4cb46a0f-b59a-4393-bdf2-d14fb476f329,1ddc4a3d-006f-445c-b18d-6bf413f3f0d0
4d003f0f-2d0f-4492-9e3b-38fbc3f0a898,d3c61690-a801-4c52-b866-d808edcd25d1
4e180dd3-0ee9-4086-a22b-6a6d102cbfdf,66653fcb-c0d3-4e25-ad8c-b5d48ea609f1
4e185629-2d3d-455d-a614-7e700361c69e,3b1edd1d-7108-4fd4-9fc5-d05745f07995
4e2273d7-bfa3-4929-bb09-a4e070ae3109,e3bfde8c-7f6a-4b2f-bb06-43d70af80df5
4e313a4a-2f97-4634-81dc-16fd61a50692,b208af6d-d166-4ec6-a0ed-ec50ec3002a8
4f0cf9f3-6883-48ed-81a8-7e4e013e4768,3ace0eed-9327-4ffe-b5e6-eb0cbfb3a6c6
4f28db01-6d12-4943-b8a6-2b587cdff44f,a39c13bf-41e5-498c-b7a4-055e1a6f3c16
4fae43ba6b667fd753f2b5dc50abc4fef81cf190,6NGSpGyy4ZwwkfEB1kneKhigYKSmrD88KwUbyk8vjjyM
4fd4ab7f-60dc-4889-956b-9a7497b2bfc5,3ffef0c8-e54e-4209-a946-95167d566a3c
4feb7647-e4d9-4a49-8dbb-ac20029c0a03,7dd13d2a-33d8-47d2-9ebe-1b16d358aeef
5108b78b-1269-460b-9d49-6fedf71366be,b995306c-5fbc-40c7-a7be-be09375b6e83
516d1c9f-029b-45b3-85bf-32f1ce9e9701,221c1e1b-5ee3-40ca-90e5-f27112e52f0a
5189b202-2728-4851-a8bf-932b1eee3a70,80b7da48-d419-4c27-97c0-47b5658ecf4e
51a79154f4d9529f7b4be4211228e708015fb32f,5E2Ukks5WRyrEKybA2KJKDuHJXNhb8QpKGFEXxNwWraH
5296da87-b6fa-40a0-966d-d4459354d110,9cb16f4a-db8f-4c2c-bbc2-b5339f222a89
5312a334-7d6c-41c5-9acf-d8b487a2575e,5f36ea29-b624-4973-aaa2-bd41e952654f
53989e09-8509-4fa6-bc6c-d15311411ba8,5ad3f130-cd91-43df-bb2f-6ec367dc79e4
53a567be-f48f-42d2-8c4b-7a0bee36ce74,557ea3f7-123e-4525-a97d-1edcac140a2d
54823911-448b-4526-a2c8-0d05df5c0751,5771d18e-0958-4eb8-a82b-0fa829d967e5
5588daebdf47c5e4726ea1759ee5bd3aac5dcdeb,FejmqZnncAD8EWpHXyyCCizJifFsMoiDmj1x6NCZDxLN
566fd847-9117-4c3f-9850-be8eebd64f76,c9b0d191-fdec-413f-80ad-d0d8d90acac9
56b951b0f9b10c03df5a838da918ab7b30000b9d,9Xau4zposXuVhY9N9AdDKtpJ7ZXL5YiBJ395FAFqu96M
56d390d9-2aa5-4307-b67b-8b5cc1c06bb3,a4aea33c-e45a-48d7-8096-d5c8368a934a
579bd3e0-0637-469f-832b-c36f8a0d6dac,2571706f-0b49-46ae-b2ba-8a17764dd14e
579ef9b1-2e0a-4295-a824-8949f0c4f05c,046efa9d-0a16-4bfd-902a-80f69df0a172
58b5bbdc-2752-4356-973b-713a3cb2994b,a14287ed-db42-4b81-93d8-7bd0b8e9eaf6
5927e09e-973f-42e5-bc32-b453e0e2288f,94c0c1af-e75d-4a65-b5ec-d1d5e9226b18
59991ed3-0ee5-4e54-99bd-980e84bc8d9e,e4523120-ceb3-488d-ae97-bfbde4e371c6
59fdbc32-5e4c-4ce6-baff-9c90f48fc798,0b7f49fb-cf01-498b-ba84-d1491379b996
5a5d86ac-c49c-4e7b-930a-659ff71ff64e,bd530f32-09ad-4743-9fd6-407c19385742
5acd3827-3197-4500-bada-540b7eaaa82a,105f9367-75e2-42ce-924a-7270080ffe57
5b7b12bd-fdf3-4f8d-83f5-8ff8cba179db,73576ae4-8273-4d69-b475-a2f85845df94
5c359876-b4b8-4fd5-9ab2-b97705d99c22,d7c095c9-17cb-4459-91d8-66ebfbb57576
5d1189f1afb3ae63598fcbfa733a84ca76f2ad22,C8NJ9mAwHyYb8WrdtBeBu6sMCcpGp1S1DtqbHR1VbVMY
5dee18a7-4fd1-46a2-8705-8dd0a7431d09,dd1c8eae-9cb3-405b-96dd-8d8e45fc9331
5e6aba659b4d85615e742cf59306826b41001f6e,3BtruqTAKx16sccK5hDrErDBwVnM6Ttp6ap9zB9Yde3F
5e7571e3-ce42-4416-b798-aeec26112a62,6a78fcee-dd99-4f80-8aa2-469ed71d5e11
5f4a4a7d-7b0b-4f50-a58d-2e7c2df7f226,8a4b5b80-9c99-476c-a678-ec726ccf050a
5f816f963e63c388426660de95f6f65bdead7660,3a7drkC4ipzLGMSaMnWLbVaKdYinuFZsmyRtjAHP7NMY
5f8986ba-ac0e-4d28-9d63-8618661609b4,894b6a60-1314-4b26-bf8f-5c66024ac40a
6032b32d-56f7-4a51-8bb6-e881d5f7280e,23144581-88dd-4f3f-942a-c8469b16c7f5
611c17ea-6086-4887-8f84-aa3c9fe475b9,6cf9b415-c4f6-40ab-ad41-7e7afbc70997
61267e317a50a0aee2664ea63afbbc2b8d0865df,CpM8p7XPRrfy2qYYjSJTEAEoywzFX6txrz5okAHhT1tf
61ab66b0-4594-4c1f-bf1d-1b26a15d891b,0606b8b5-6d2f-489a-a235-daf4565727c1
6218bfce-306f-4198-9328-b5e2e690e198,7c8b9763-0eae-43f7-95b9-8996f28adab4
6247331e-d8ca-4c56-9cd1-53d8cacd78e0,1fac5690-b66a-4f60-b7a3-01f4b6a2666e
6252324a-4851-4a53-9abe-12c4c0dfe8b3,721c0548-f597-45bb-8e5f-4ba2bdc821f6
62ce5b31-866a-414d-900a-ab8d9f2f6fe9,31bc7dd0-e62c-4cc4-86a0-44d43e3615fe
62dc151c-bc36-4d53-84a4-98c4114ba3ac,9ded5b56-6ee0-4ab6-8206-bdd8be420b40
63205199-98b6-4a2e-960e-e95812006acb,3b4f9c1d-43a6-4e26-a3fe-439d0ab9d961
63a3a378-1244-4053-9417-b278c0d2906b,d81cfac7-a9f0-496b-ba89-dc773d9093c1
63d43755-b926-491e-b2b8-84243a93272d,1ee51571-033c-444f-b343-6ea73aa9ffd6
6448f4d2-e43f-4f92-a58e-ed43b6ca38ff,7a9dd80f-72fa-407c-9e84-d14f97ede9d9
64c3253685455d0c68036167167eadfce4dd033e,Eu4ddEcKFyjkLjpcrtnYwkiwAea1Uv8NYMwcYMkNv4za
65392df9-839a-4008-9c9c-2921b02a7fdc,e384f24c-6dd1-44aa-8c09-d3481c9c1276
65890c11-6aea-4035-96f5-30815cad7cc2,55526dd1-ce32-4fea-a91e-cc42b23755b8
668b0a31-4482-4221-8e24-fa531fe4f2fb,fbb080eb-141a-4aa8-aa8d-294a0b9e8aa7
674ae5b4-ac5b-4cb4-a561-948cb93861ab,ed67c10b-edee-4677-afab-7181bc9f5830
67c2ed07-05d0-441d-88be-a797a9fbceaf,8b2ca88e-1910-4bfc-bc03-82469dde6414
67ec352a-9587-4c07-9eff-c02b643d64ed,fef32a74-09f2-4503-bff3-bd6330fc03e8
67f857a8-94fc-4033-a2d4-2f8c89fb434c,deb103e6-a554-40fc-ac4b-380246c2fa7f
682f6e1f-499a-448c-b1d7-1d2c7897e783,1b4c66ef-caff-4dbb-aefb-0ef754c5ac86
68476866-84c8-4d3f-bf4e-22c56dec9656,e4cbeedd-8ab7-407b-a5d3-7cb6d3dc3c3a
68753e37-d017-47c6-8493-9984fbc3e10a,8005a835-4fcb-4aea-93f6-6b98333669d8
68bd45be-d49f-4444-bac3-a4ff873ed1ae,830cf2ef-c5c0-4a5e-a5cd-b526f4362049
68d94d53-62c2-4b18-9073-fad2715f58c9,3f073fa1-c785-4b8c-a8b9-2fcd2647efed
68ef90fd-4cb7-4a54-9c23-62a272357a07,964f4a8a-4adb-4064-915c-0f1a68ce9764
69aedbb3-ee89-4804-821c-d4695d74929d,a45fd566-bf95-46da-abc4-13dc8ad28f50
69b06b6886d62389090fc10a48b76f3e54d67106,59caCxCYRSZwQXr5Vyk4XiQ6vLjhr2wwDjQpqBMk59Ux
6a4dde4b-b638-4dfa-a64a-6ca6fac63c64,65d567c1-07c1-4526-864b-c28f7c67ce6e
6be80e26-c847-4c89-8667-f27fd4e992f1,bfcf4bcd-4596-47b1-9848-ec41a3420289
6c5c8912-478c-4d09-842e-68085d7ac286,e6c6c932-b407-42f1-be41-ab95ee0f360c
6da7c83d-24a6-483b-8bfa-0960a79c816c,fcaf8956-db71-4ea8-a302-9aa34ceecff8
6e3854c9-ccbb-4585-a0ea-f7e4d06271a2,77894dd9-6379-497e-b38b-08ed4c68c264
6e916a63-b410-4c19-b81f-6d096261c741,c4e78b70-0d79-4de2-87a1-8d85bbca8263
6f68e8c4-ee01-4f05-94e6-abd6f89f0d39,42b0ff8f-ed4c-4eb1-932e-8d62d0e536d5
6f9168d6-cdc0-4623-8e7d-5cb32b529398,0a8aefa1-89dd-4193-8480-369e66b3ce85
6f928512f83e775573880d9b10c12b544c7d1318,DLBV3Xp1NWaAHjiELsq18UVPKLXoWgVDSKNTUJZmMo4S
6fa135ea-627a-430b-93e9-261050cd15cb,e9592e53-9c73-4cec-89b7-d091cd09941e
7033fa9a99a6f83df81736fbf538cf88b2d8dc57,HjqSPxW5CHWaC4KtpoqSRFBMPSjvA3hk5kpr5isWmSDY
70451951-9b65-4c0c-ba23-752564a7ed06,463a6de8-ba08-486c-8658-67f198b09d38
71f2c567-2196-490c-9df9-06e6cadf9ca8,f25e072b-c1de-498e-bae3-315142c830ed
71f8d81ae8245cca9f977beb8161f5973dd3b65c,FZJgE5wNrLBKMzsUpY2anPjvzUGu5ZWGzUKG9bp5fbLP
71fcc555-f631-48b8-8d69-c13bac800f32,ff06360e-c288-47c8-9f98-4bfc15b2a0d3
725db70c-1584-4c72-ac54-a30e98f3206e,b4a67b77-b0a5-4079-ab91-748f8f12575f
72968156-79bd-410a-9f4a-671d965e1092,4c19ef51-1148-4c91-95a0-e241d33eec1b
740454fc-8089-43ac-9a32-548efbd80408,10f848b6-aac6-4e7a-a289-94fdd7bd0089
7582d902-de41-43a5-923a-844b3277d6eb,3130b8cd-6672-480d-86c6-670e4776f2bf
765104c804ef976babb5356b51a0afce98b43e34,FwbDSsAgnXrKGMPbbfmqGGBZnRdNuBmASdYUs7J1Ja1c
772599cc-1fda-4a7e-9201-e06ba708e746,ccb3542d-bb0e-4418-b2a9-41fe7c7d0dc0
77650667-0e9b-4161-83b5-a5aa788c810b,46d3e101-54ec-464b-ac31-1783d7015a05
778cbdff-1a61-4a86-8e92-cde11f71c453,b48dba07-512d-4603-ae33-98b8568d8732
782908f9-fbb4-4ba5-8235-be511a40a0e5,d0a028ab-79a0-4fd8-9748-d95dd694b878
79250828-3f77-4a95-97c7-05ce3880545c,5e2f65b2-7f45-440d-ae8e-a510dcf6c9e4
797c2782559d3048cd26f9a2dfd858a47b537f3b,BuTRckCaBvKycoiyHVKi7HP3pXbquKNVkcPnj4E57pV8
7a6ad644-57e1-4c83-aa9a-180e4c10f8df,2deb2e4a-b71f-410c-bd02-3c97054a646a
7ae527c6-5108-4234-b100-8c902f0b2f48,90ea39df-4518-43c7-b31d-423ccadcb9ff
7b244e964435fa5d8c5b20dedd13754cb8be6578,5vJte3iMbxhjwJw9kSCFVz81k7b8styF5sqZaR6Tnzh4
7b31e046-a065-47ff-b593-2e53df2e02ee,8acfa780-8d2f-4389-b52b-9bc257c77459
7d03c1bff35db0b746e3ddd4c916a23151b89dce,2G8YUfpMpQropZxhR47zSBwaMDuknQ1dnDqvRmTS6mhn
7d03e32e-e9e9-411b-b08e-7dc28ab1b2e9,20175942-e84b-4037-a010-2276de47aad4
7e2647fd-3514-4853-a5b9-16bfef9e1349,deb4564a-ad31-45aa-91be-2b5ccd6c7380
7e58916c-d72c-4c58-8727-11e4bdd6fb77,7d3fc95b-2bed-4060-a409-567c57bcae68
7e70cc5e-a8af-4219-96b8-83d82ec1a189,d3fabece-8476-4b34-a9b5-6b1a0efa782f
7f730147-3e76-4eaa-a473-29c14efc6703,335a0035-6dab-46ee-9b8c-a210955f6613
7fb5a9d6-deeb-421b-a914-96e90e64acc1,27e2a5f1-4052-4f72-bea9-a96637bc2c09
7ff324ce-c5ca-47c7-bf9c-1a2e5e441e0b,b408ba75-e6ca-49a3-ada8-e1628b09fd81
80225256d32880f07b67c27b4b5b947f15cf069e,5kdxB9Dsq4QcfEnUvmJanFdYvGHZcbghYYtC8fmV81AF
809113a1-53cf-4fc4-892a-03bd16b1a1d3,24f03f45-092d-415f-9573-16c133dda9b5
81446ca3-915d-4aa4-82ac-7bc1af92adf8,b01e6ae4-7bcc-4f2b-bbc0-580afe639416
8270bfce-2710-4792-b299-53b1b77b74b2,c0ea3e79-5857-4538-84d7-6032ea9038dd
8343e1c9-5096-4345-a714-243525452241,f8e3f4ef-af32-4d41-a4e0-208aeb3b657d
841c754e0dd8d886be1646cb957a44703f6f5d1f,294CVNqn3UfSMYgV6PeceyF2hDtQWJoSKRTEFJzv43de
8479c522-9535-4449-9a31-4b869e8ccfe9,4d2ee81b-d415-4055-9b5e-1c921b1e90c5
84aebf9d-250e-44ee-85c2-8d7f39bc9550,63beb7ee-5fe4-41ab-9282-448d89dc03dc
85d5f9bd-43b8-41f8-ad74-7782ba6d52f8,67676c05-f9ca-4493-aeb5-65f598199b40
86c22195-8a7e-46c4-9b5c-3d3e2e68acbf,aeadca9f-a3b6-450e-a835-b624bede41cb
86c3b53f-15f6-4a43-9004-7e56091f2ca9,686f6762-573e-4967-9f19-85e89eef638a
877fc8a1-9071-4a5e-bd7b-cee92547caae,8f695ec6-c26d-4e12-86de-0d1d50d4bfdf
87cf14cb-0fa2-4950-8b1d-83615dd6b5e0,a270d31d-6ddc-4904-8301-07b1981aa94e
87d765ecd6829eaff31d4e94749a1bc3e6c4c77c,HWakTNMCs8Ur4sUmi2FVW8eUBdu5TCE5ampRS3e3W3BB
8836f0fe-ffbf-4500-b3c4-8eace86b3fad,1955e962-1003-4626-aad4-5036e9000227
884ab795-0234-4868-b4f4-ee52b8e9b8fa,ac695169-c6bd-478d-84b1-0d1d2a1c6ac8
88bdc6d3-f794-4543-acda-79baf12c281d,11e640c3-a0cc-4ce3-9f84-8991caf848a2
89eedf36-1c6e-431e-b275-dce5a253b99f,2b3363f8-98b8-4f8a-ac3f-468e9d818849
8aa6f7a5-9f30-48c3-98df-b817adb12fa5,94c6ecfd-541b-48a0-a518-080a01d84bdd
8ab7b6a7-4429-4310-b1f4-244626fdbdbf,7e1c7adf-01d6-4031-b7c6-3421ad554f07
8bb31bfce20a065867fe0491ec70030c3db1a4a1,9fBY4ziMpuc9pGwup3UriccGajPgAws8BxT8azggyNy9
8c0d363a-b2b9-4093-a9a8-ab11efba6bfc,350348d9-4462-4018-be7c-98e9f98a3442
8d209b22-0357-42e5-90fc-86a6516fea70,3611075e-06a9-4314-a72f-5c54eb29b09b
8d2c3a9e-7b40-4b65-9c89-148b7bb06371,92334ba4-5db5-41ca-bf58-075db7050a45
8d5732e5f3a7e7bae1461f766193ea165a02036d,27T6VuyfA5yTJqMe2u8eiG8GBsg23KRY16CZpHdHU8pS
8d7a08b7-7b44-45df-8621-e597b7f58565,aed2b6f4-2d52-4158-9873-9ada649f5d6b
8df78478-01b7-4b60-992d-00a47bbf5b78,6a977cbc-7527-44c0-8ad9-b1ff6a05e004
8dfb8f12-bb59-4bd8-b512-378a6f81a070,8f36ba9a-e2d2-4b79-bee6-4fe27ca8e8b0
8f45e9eb-864f-47f8-b76e-8bca28ab91a3,a598b674-67ec-4491-a7c2-b51478abda61
8f89d290-11be-475f-bbd0-bfdd050f64ac,13ecc932-2a7b-466d-b5b8-f9cac6e0ca94
8fb6b300-2309-4a5d-b04c-482e4c8790d9,457288bf-3c05-47f2-873c-44af0231fc31
901fc9a1-3fcb-4cdb-8909-6db42f0cb6ab,be6f9c05-1bbe-4687-89bc-a5003b74b600
9038c1b3-0c77-48ae-985d-1026ebcea437,23de1068-b97d-4595-ba87-d94c9b593266
913361617c5cbe0d321b01f2a2939c511860961b,GhQmQz66C1rhnUf68vQJtodK7QUu6zWbZq9kKv7CGQS5
914366eb-bf14-4b88-9a62-e3a7b253dc0a,6e274d49-86fe-479b-abaf-86b6e06716f6
927e960c-15a4-47d2-bfcf-4044970deea3,c61fbaeb-5d36-496e-9a77-ba54b3c3c924
92ea9406b1defea6369c15b5c3dc70aa4662c312,2LGzr3TfngoRAkqN3smvudnnBREFiu9VPsUcyEYkadpM
939a2f4a56471fc8032894f3eaac416ad63de7a4,6dWWLhQbLfcEFckCvFzRYHHMirmEb5FwtyPXFxqND5mC
93b6dec5a0dc924908522c4a3ab822cae0314e7d,9DfwdvMr6t84jVFCjpJo5F8fwvZ6WgjFiHyrC2zYXszD
9456d308-52da-465d-9570-bda9a8343f75,ad46cddf-3182-4ad0-a56e-6d5c65e515ef
94575b0a59ecefb792a4b26cd026097294bc4824,EiTbbZ8Z9pCuD4BzMUyTMYzumZ442d2DXYo8Ws11nEGK
95b5bea4-ac00-4f58-b818-52a0cbc410e4,37f8cb96-4ee6-4726-8f72-1fdc501438df
95e72167-d47d-4aea-b407-2a6335c5bb51,cd14abf6-e815-4aa4-a0ef-e87715f74e7a
96bb2cdd-9530-4c8a-8b11-bbbc4475a70b,8822763c-0f72-444e-b9f8-5353bcc68b35
978d5268-d282-4f45-acfe-9ca0875aa9fb,f7a1adb5-6eee-443e-a34d-39bd81fa1220
98ab9f65d4228b7d750bd7d326fec012e64e8ebc,AE69zULATKQJg2pFhoDspbMdL7MQFg77sh64dCigYNud
99fca1da-77f0-47bd-a540-12c1366bfa72,64676c41-bc4a-4411-a7bc-8df865eb8bb5
9a9c6d7ba2daf468b493eb0fdab168d7554d12d7,7NeZn9EHyFu2Gy7e3odoz5z26T66Ceak6JvSyGNWpH9g
9ae19b76-69e6-4a66-b601-ec3d7287963c,c8bdbf6c-307b-401e-a188-77788190c795
9b0150c09d64b452dd87c01e0bdca309ee50ae27,5VqVxLALgw5LVzvwLSkusexGKwSqpD513CUmGR449j4h
9b658629-b86e-4326-99ea-8d22d50abfdc,90764d62-1247-4615-85bf-f25f475dacb9
9b7fb2f5-a2e5-44c5-aa53-f06dd886b7c9,55c11e36-969d-4950-9888-a78350e0cf90
9bfd76be-e3ec-44d2-8a7e-07b6764434f5,5e7e9873-3ff8-44c1-aaf5-3403eb0ed2de
9c209130-6d12-46aa-9021-74a032397b8c,cb2d08fa-d96f-491f-84c7-579e7327dd05
9d1c86a7-f47f-4677-8d89-f6ebcee9d055,cbfe3311-7708-4363-b71b-714b95dbd434
9d58179e383f913eee1d615c03f76b7f8900239a,4inqwwUQ5V3Hqq16Hsyv8iRBXbHSbZcMUAEkiaNB3Tz5
9d7a231861bf5c675023e335ed768e27a60b601a,CXqevDc2ypP1p9Kaxt3cKSUBXUpBripyJoyc2aywkduM
9d7d77c1-9560-4583-8c57-680090917dd1,b7f6a79a-1320-4c93-9315-554687ed5817
9dd503ca-1ddb-47c2-91be-b93b34650b87,79b89262-86a4-46e4-b53e-ece83abc0cc4
9e3206da-2b31-49da-a0a9-8905a025a077,f06e8898-99ed-42bf-a234-703f2f01b8c4
9f47b687-9ca7-4f3b-b65d-19b29f22c8a9,17de86c1-a5d9-497b-8f83-ec6a9246211b
9f6dce73-a990-4b30-99e3-0401c62d17be,eeb44cff-46a6-4242-8519-c56d8709e7e3
a038dd582bc8ecc237bac7156f6b779593a9ed16,FZk4YFySGNFsp7Mvpf3tZe7YpBHeyCJaNokmfM3i6t6n
a0471bc6-5d7b-40c0-95e1-23f08a5c07fe,7fd4c33e-db26-4ffc-8e69-864935da8f56
a087c475-2a16-4302-af91-a727fc98115c,71f7f226-0150-4622-9340-adf72b128f4f
a0bf181f-7d17-4a63-8109-93a40065ab16,5593abb0-821e-4510-a237-4c7fc5c8e404
a14fbdb05d375ada4b30e136d49755abc674fcd0,7nRCiVe8FjN21ggRmg5TiHmuHYSomCejgCfYrVYzGeRD
a15f71ca-e66f-4b32-a24e-c9c3ab628817,59a13fd9-5fc0-4ce8-800c-691340e9395f
a335b4a6-a25c-4606-b76c-193541724f15,7e58b5d5-3409-44a4-b5ae-17dbc0640797
a33eb02d-f455-41ca-b9c6-e20a5d426d06,7bdcbcca-c59b-4a0c-b9b3-f469a7142f46
a3430666-21b9-4655-9504-bd3ac19668fb,d9e44e64-ce42-47ed-aa60-09b354573061
a483c43c-dff7-426d-9b9e-524880dc4c67,c06286dc-0676-437e-9906-2a46abc58487
a4dd68a2-6ab7-4044-ab54-c47f9fcf038a,34f91ca7-f940-4043-95c3-d72678d4ebe5
a5604c5a-cfab-4114-abcb-e9fb53d65f3a,6ab867b0-07e5-4c4e-a991-ea731afbcc4f
a77503e8-6f06-40f9-bd43-f2e0a05f4759,cf9f8476-cea0-412f-83e1-e7584439aabf
a981764c-e4f0-4108-9040-9be6b5d159e1,2e9d7e09-2f56-4cbe-88d7-ca51e667a68a
a9f1abd6-4f6a-4756-9522-183f70e3e3dc,868398ac-30c3-4f79-82b6-4b398ded7e3d
aa3a524d-85c3-498e-9f0d-0383166efe52,e6cd5913-2d8c-4a63-8fe6-458aaa472d63
aa75b637-3095-4aef-8e72-cfe716e26b26,96c09113-c5f1-4fec-8683-94f5342aeda8
aaf57a67-0c6c-4cd3-b5b3-386db84d74d5,dac0ef27-39c9-49df-946a-1b553a9fbb24
ab1695a6-11d1-4d7d-b051-60b89a6dc56a,cc9540ee-99a9-42ce-9a35-1b0aafb1271b
ab37ecce-e752-4234-b8da-7520126903b4,fd570a8a-8739-44ab-a5ed-343ffc2bbd34
ab736cc52ec5f6b0d8e4959bce1d0f4e814dd007,4zDK6Zy7V6JsELi6TFy9bKdtenHsmSaQNu1QDzb2zisf
ab8e70e1-14f7-480a-82a5-3448bd8a03c0,485eb535-bf08-4640-92fd-2cb493612cfe
ac0c71a6-dddd-4071-befa-f6f00af83b91,12d614a0-5e2e-4754-9d01-db4875c964d2
ac930766-dbe9-4fbb-9ff7-1a6d2a54237e,b6b430fc-24ab-44ff-b4a4-9afe514f6a8b
acc0f52e-b541-4a32-8c1b-915ad2c7e67d,165e8c0d-bd5c-4458-8035-5477d946fbc0
ad64b072-8c71-4431-9a3e-02a3056c0b0d,609e1f22-634f-4c60-9c01-786df65634a0
ad7e6f43-bec3-4282-9a88-ec3138035c16,c20632c3-5b1b-4fe2-9a52-cae4d16c5e89
adddcad3-36e8-48ab-b056-20925fe4cec6,ced51a30-9d64-4180-825f-3e1b70e180a3
ae0922de-1b37-4fed-8309-619815ef906a,19cece36-8b75-49b2-9b72-42c2aa326341
aedd061496eb5f3a8b4e0e470628f091d6ce7c0f,CahthTXVFSmayjDqAkDiyXWa5dXKVm7v3CjnaEeeJbS5
af138552-2bd4-4ab2-8ff2-a6b4b3b55720,59872f1c-d14b-4c2c-a91d-d8e26d817900
af7cda65-95c4-4b00-8ea5-a5a1e8052a31,229399e9-94eb-4924-82c1-031507b32f8b
afa5309f-0df1-4002-8946-7aa13ca27aae,41f50384-aa60-4e6a-957e-8e7113331794
b01d8e68-be76-4be2-857a-ccaebd03e564,0f189f00-efca-46ca-86be-155d974eed53
b1ed9c79-17d8-49cd-8b1e-8bbf2f49355c,8d2b1fde-44c6-4222-9fd2-472f33a8d110
b2042773-b724-49c0-84b9-ffb2d3aa81ec,7fe7e50e-37da-476d-b150-1e32a9dfd2d2
b2197f53-306b-4458-9bd1-ee8604bd8185,5a57538c-3279-4fe6-a742-c1243cc8031b
b27b7a70-ceb8-4501-8aee-fc0bcf5b93b0,c7b82564-6807-4339-bc72-ce24f7257841
b293ab68-aa8c-4bb1-9da2-8af54d255482,665be185-21c0-4ce3-ad21-6ebd372d607b
b2ae3d5f-250a-4191-9183-5a794952886f,c02383c4-8d7e-4f85-bc3b-fb6492abc4f3
b2f1bcb3-074c-4199-98bc-98774e3b94d6,d704924e-82d4-4ac5-a445-3c0a38361aaa
b4083afc-ed0f-4705-a3f7-fcf0c439e1a5,7f1100a3-e8e7-4df1-8762-9458ab1f523b
b475e5c2-5bbc-41cd-a8f6-4d933e5337d9,92aa4e90-12d5-4626-9c35-e9dfd0699f94
b5ff00fb220f0aade8d69b667306f30035d79c89,BaEAW5pGuaMBr85zT7fdUaBrzKqu3ZTPyhUUTtwDkk19
b61c9959-b374-4ff8-af0f-df84b9d7c22f,bcc78842-116d-4b68-9c23-a595941147de
b7753de6-50d9-4ee4-ba7d-28e011a2de34,c51c8d67-6daf-4246-9705-94ef756379e8
b7d13b0f-0327-4110-922d-d85f8c64b006,60359a17-78dd-4f1b-88a4-17a4e5239e1c
b89589fa-cf8c-4fa3-81f1-d209ba9d614d,cbd6ce13-23d9-40b1-b7fc-4bad9a96cd23
b9de5b03-514e-4b75-bd25-c0119e34686f,b905172b-fa5f-4177-b101-1f83e77eabf6
bac43a62-eda2-44bf-b67e-3633c4e6168d,6bc4b0ca-1c1c-48de-9466-c00a95e5d4eb
bc07167d-3686-47e2-8ca7-e6daaa930609,ce166d56-655c-4b4e-94f4-7e48adc9761a
bc38a9452b37bec73a43edac5ade0d33a3aad146,Givur2jswUVBQJdKBZFYKpM21TLjDZpKZxSCFgWSYcPX
bc76d7bf-7edb-4689-885e-5d06c02714c6,cdb76a6e-2d66-4904-b916-860bccef2218
bc97d724-2b08-4df6-9bb4-3b84709bea9f,05a33ae0-1910-44c4-afc4-eb675bbd005c
bca6f68c-2553-4385-b45b-543c043eaeaa,87de882b-f4a1-4143-9fdc-d0fffcf52cd2
bcf15e8e-b9dc-40f4-b3a8-e53e1ef751b7,cbdf7925-107c-4095-af0a-553dbc8fbf70
bd49a006c254601bddea3ea2f63442808c069091,AWFjpJNFQz3QS3mN16bUNDuqYWBjb16AajVU2FxgWLKs
bdb1828c6486cb054aac50461f13b8dd5b253451,E4xbPHi4ZV8fWkRLocZ6rfeX6VHbQ8Rr3G6X59HPea1j
bdb2adcd-0111-48f5-9a50-3f4130f42568,63299379-d3f1-4fae-aac0-d2a704482173
be250f60edde4550e4485c2ba7449213278cf4ef,GoAN4yqtBk6CzEJJ9bGoRMaQFw1gFXmNmhmWJDZvsobD
bf210271e4ac7b4ee24ac6370ea328a66f13303d,8gdgYZVR96jdDwjeZQene2R8MXiFU54RLQ36tkVz5Hc8
bfd7b921-a720-4bc0-80bf-fd675c7b7b96,647a2f70-c599-4b89-95cb-a4cb811360c7
c02597d4-d5f3-4ef9-a182-e70c457aeb9f,7bf50f2f-d029-427d-b952-a0e8fae2f577
c030dfdc-8521-4f20-a6dd-913c8ed5b188,c8ea4e7d-113d-433e-ab7f-613900877222
c117b691d715382c8f7236fc0f7e9b4f44015df9,C6nVg9ZcDAhV8SeDAR3EiNcfWs1kGmPLN7fFsEcQ5PQm
c2332517-b410-41b4-8b45-5663d3c3d338,0c6b2d49-b707-4110-884c-a639036df4d2
c2584c825b47ecf1c2c58405bc6f15e545783a9c,9NQL8Nd1XkK6vcsaXwznznunodwJ3V7mErJCWF2UXp7F
c2fbb5a0-a75a-423f-9b52-e96fc14f64fe,576974b6-265f-4681-bb38-e0b545009599
c3086b5d7147314bd580aada7513754fec5070c2,5jw4AngwLrBndM1NvdRkF6tU66hNv4GCjUx4srhXEQ4X
c3b9b2eb-b63a-4c42-a30a-5c2ffaab3239,c00b8254-adb0-48f5-950a-c3b25c05d38c
c43dcfca5109dadc2fb6e23ea08504e496934f72,3qqcvTE3smf9mupG8afPXckoDw9XcdArF8puBvpRJHrY
c5c5d1f2-5813-4879-be0e-69af78a992ed,92cb8868-1692-43a4-842e-c8647fb2e40b
c66d35c4-a1ef-4320-bb48-37ff1742f504,f70ea7e7-86d2-43a0-8e47-b9df02c2cd26
c7531ae89e9be6fd4ebf141dc3871f360fe4ea07,FzfKWc163ciL1c3DYm7QUic1VHiN8jiqggDARC7zvV4H
c85420e5-3e75-4620-8c0b-43a2ee1d1960,d05c4a92-81ac-49f5-8478-ceeb52c856d8
c87544a2-d89a-4520-bd5f-ab87a5318a87,01c90754-9954-44ff-ba9e-35381aa11f54
c8b0676d-8834-40db-9f58-387a28795498,ed5a1b70-c535-4ed0-aa3b-be2966d60433
c8fe6365-61b8-40a7-8672-73b48835f227,4eb96ca7-82e0-4ae1-840a-566934a350f9
c93bc974-b3a4-4f68-a7fb-f4fe2193eec2,46e88604-e07c-4b16-a8e0-0beb0bb5b2ce
ca7fa4e3-e395-447e-a54f-724ea7e41a48,8fac17ba-cc04-44fc-86c7-e71a885af1ff
cadd6cd9-b3b9-417e-bfd1-c7da24720cfc,2edc17a0-95c1-402a-8eb6-e08f5bef435c
cb40b34ac5304778420a2e3011612ec6e08e0f24,D4eJ4yqtY56wHreGwf2t2Bb3hgMLPtMpiwBFnvpiG21B
cb86cbef-6b33-480a-851c-db42c4e75d2e,14eb0107-ef63-4f35-860a-24c5d81bbc62
cde905d53a0d1ac53ab32b3d296397e8800b8240,2SyahTphbEFTFSfNAzdiR3ywNcwvT2hBYFzdRziANTr1
ce91e804-65e1-4da2-90a7-7a0fa85ce181,6565a368-76ee-4a13-a580-e381ceab5a98
cee1dca3-0716-4865-a4a2-15d4d3afc23d,ae5769b9-fa89-4216-8894-fc59668c16f4
cfbd97a5c1d28b62e4b4aaffd9ba6f4e24aab9a6,76mLMA9hRManuv1M2Tw18kw1zBhZCfzqVNYAPc9omd1k
d0251d41625f685937d163d6fa54673218d01b5f,QS2wPPjZSeARBCD85r3FWP9TGq9sXDZSYyuxcdJZPjC
d0318d257da9a0b012aabe5f57eec8a89a5d1618,FjJ7XbscWNjDt25cqeW7yvnBH2W5U2zddZRCZBzgtBJD
d0d8955a-d92f-4cfa-994a-1646c4e5c06c,0731e28b-20b5-4cd1-a37e-2dbef8a5e0f7
d105c435d411c4fe7d2c425514ba0c8776e2fd3c,4UoGHUt6svZk43dt6cS8bLhFTRANR2JpPo47HkUEGx9Y
d11c52a2-2752-4c35-9cc4-58e6806f35b9,f166ae0c-3d44-446b-9c71-b75cc400b7b7
d2a03ced83b308766679e0454a26b87d3dc685d7,ACzQVG4MfhRFfs7z2f9ZRMEc7W6jJ1fkNtvsy1HYKUA
d342c905-5139-4283-9567-2d14044d2927,9ddcfaa4-22be-4308-8c69-08df720f2cd5
d457092c-63a9-4625-b548-5755af6170cb,bf218019-a602-4d9b-9dcb-f5d86322f3a7
d4b21ea5-e48e-4443-891b-78b22cfd27ed,1ca29bfe-1734-4c49-bb15-b6f421933625
d6a1d489-b9e7-4f92-950f-ae198a412d11,624c771f-b9a5-483e-b842-1939dfb871f6
d6c715ef-d266-4aa0-b1c2-060a715d3fc0,b3207b3e-c385-42f1-88ea-5ec0939027d4
d6d0675d-057c-400e-a79f-01fef24bb39b,5aeba00f-08e0-4064-bfbc-aec1d6f59134
d6d44792-87d7-4ee7-ac4d-4df36f2cad1a,1c574a6b-c9f0-440f-a38e-5cf3a8429b43
d927ffa4-0013-4d0c-b2a7-97827508b2e9,8cb32fd0-da9e-44b5-b1c4-a6aa5d51c27f
d9d0a989-e65e-493a-9934-8eeda3e7d7cd,cc68e68a-09a1-4fcb-87f0-ecb011766a49
dbe14a61-be84-4caf-91eb-f6fcdde27396,48576b79-551d-4075-bcd6-2d518b5ea083
dc39cb3d-5156-41e7-8f39-f1fc2588539b,ad3e0780-9ade-48b5-af19-96466f582bcf
ddcc4577-6fdd-452f-9878-b30062185083,1bdeacc7-dfdd-45ec-b223-911cd86e9a52
dde08a96a08d75e57401634f0e92f108b243b444,2wtqCh2Qh7b9xNAmAr2ZrreNN7yYBbnpsVTr1FHRZ5Sg
df2555ec5527ec62caec43093c16e04de855e9c5,7hwBryF3a3UVfNMTZcYdXrx9z4T2AxECf359HS4HytMp
e02de797-d10d-4e30-8d3c-37522c887e61,38fd5de5-a4c3-4359-a77d-d78517f0937e
e2a1f717-2769-4c5d-8fb9-c1a34216181c,f1f844fc-672d-4234-8b0d-ad915f6b61ce
e4df2ebbbd7cd4717d620507e15fdd947a84e235,BqbAQfHo7P97nq3X3dPSyfTCRorEqJU2mtVPumf7Yv37
e5bdac2e-1be2-48c2-bae1-fc3844d16a7f,0a0f1a25-a104-4908-9584-c8f2408bb43a
e67639e5-ece9-482b-9667-84183b9d2ec4,a67d43ff-4afe-4abe-b1b2-ff9ff894cf24
e72f87f0-1f20-40a7-bca3-532a6b72b8de,0ffc8579-3349-4f26-9e94-9e587af06346
e757ae480430722d5e962c39e54eb6e4a63145bd,4Him4NTQMQKhXXq7rXGgPduEw95i91xUuUQhxD6JXkfc
e7c3b765-2307-429c-99e3-42812813b45c,34a04c14-3350-4ec3-b281-fc37a7eb4d26
e8419e5a-87cf-4a4f-8ac0-4d91d28c882c,372ab791-b76d-4bda-b9d8-087e300dc7bb
e85fa240-ee71-4d2b-b3a3-4711ac1a9b63,0cfa4fa5-3a2c-4e73-a93d-2e2f527caa7a
e8f36c67-9492-4eab-ac38-3544e38c2058,50edb77f-cf6a-4374-9f27-5e78155d266c
e912cb94-c017-47d9-bc6b-01380d43c8c8,d95b1746-c3ff-491f-8417-11720deb637a
e928419f-e00e-4ded-bc25-274c07fc224a,ce89ef97-5ffe-40f9-92b7-9b06287ef353
e9d260c8-289f-4d10-ab58-14e978791a7e,38c406e3-d07d-4f53-9ac4-b4ced0b4dfd9
ea11059f9a095318bb4886e76044435ecc8c3692,GDoLV5QgSDfY3VW9kjnRUUM2eZRmjngg7h6U5idCgNhJ
ea2cafb3-a45c-45c5-8de7-2d53ad392790,2a6a46d9-03f9-439f-9991-2ae02eb16daf
ea4954efb261ac62824a3f1997b1b717850b6b4e,GjWVa9mPbzwnb7Z9xra6BgZiccoUtFCvRjdw55Z7XL6t
ea97ce5b-7674-4645-a40d-0e26e461c51d,8a81028f-62d5-4154-8a96-d3b47b30dae2
ebd0e532-d48b-42a9-a880-99717882d441,ddf62337-7233-428f-97a9-613a2e2af993
ec4fae21-a6f7-4b87-8cf0-70819009d1a5,509e4b8f-797e-415b-b584-43d4d941ef21
ecf74745-0c9a-43a1-a864-32d8cc186eb9,50202f4e-9726-4b65-81bc-b6c641953c30
ed5bdf8a-aa94-4a35-9cd6-42b80180ac94,b84de896-29c6-4b02-a782-8616abd8698c
ee15b3b5-1a96-4386-9208-8226921b742a,b8020d74-12bf-46ef-acde-e22c0582ec23
ee6a4d781b1269ebc9f5970586bc3ac7c66caf4d,6eiDdMM573qv8WVHAPTHtsf6Jv2kj7MpkbrrX1nZ1Z34
eea27754-c3ea-4863-af32-f61944100ff7,de0ac45e-8b93-40b1-81d4-ec8b1db11b76
efcf33d6-ba97-4937-a5e9-2daf1c74c87b,eda13436-d758-420d-96d1-923feb66bfe3
efdd645bad28143e11f359d9eff66f8c5b2cdc0d,5wucUgNYx6shmR5PyekhpYuqZMUzuzm7Fe6hcsUaFyE8
efe86d93-c6a8-461c-9bdb-63b9bd8cb608,8e01a0f7-3cf9-4861-92ad-4098fd021ca7
eff4815a-77ed-4f89-9f02-9b82e85a85e5,823eeafb-af62-44e5-b69c-16b2d5544f55
f0538b07143c347895508bb0cb0252564ddd295e,8XbY8J7KeidDbbLQ1kkApcZi7dkrePYRcPEUfBFkyKqC
f16fd357-95d1-4ecc-827b-f05e4219e248,722e02f6-efab-47e5-be28-0815d6a743a1
f19f5af9-d532-4db1-a7d6-e8f7a81937df,1eaf8ccc-8dee-4a4a-ad49-c4a77d91cd8d
f1f170d2-5ba0-4ef0-b1f8-9f3789aa1f58,d9bd646e-f837-404b-808f-5d20942a0e1a
f25d7fe1-b89e-43ea-b779-a11c1fb94e1d,3dd84215-a2bf-418f-9326-ec18fff94d6f
f264027b-619b-4d63-9cbb-a2ab2df40f14,37d9af9e-8fe2-4fa0-a630-093eef9db879
f334aef8-f69f-4c57-a613-474c3a8502f5,a5d644fb-b116-4c3c-9fc2-d5a63baed5ab
f41c6075-439a-492e-8478-71bedfac3390,7924c549-2960-4d03-a415-3c329d2e69e4
f53c9b18-c408-42b2-8440-ca4a85b44d81,098d1e72-1896-4697-93f7-539a1e6c70e3
f55352e3-8c25-4fd6-b1ca-1116a1c571f1,86cd2d28-73da-44be-88cf-11ab3ea4f88b
f5bb0004-3c51-4527-8296-4a943227bc35,82eebc01-ca31-4948-8978-b837053db81b
f69f06a2-7e08-4080-9145-f245feff8f2b,4338e86d-1094-4788-9c9c-95ba9f1dd604
f6e38d45-86f8-4fcb-9b97-1e6d13d18c7c,923359c2-7ee8-48c2-81f0-be4830aa20b7
f781bbeb-3d15-4ad4-b776-60869892aa85,df30a54e-8ec1-48d1-a62e-131199b9130e
f7ea6a0e-6836-4534-a1b5-9df6c387cf17,97759c61-08fc-41c7-b59e-8e41813e80e9
f808f8a387d53a58add314200872a46eb3aab681,EBnzM3KjU4qvFTssh7PUeHDs9TfHwdLN9UUUBcm6QFMZ
f842d835-303d-49af-8b4a-4276f6955784,039d66ef-e650-4951-b604-d8e92a6297e9
f8b3f42b79e1366650e0ba887a0538bd47038f65,BtsMadSx7RsAcXoXq8QVx5nv8E7BsL6s7wH26ceFF8uJ
f8ce9bbaef1fc4168cd3ca2a73e6b4c383e22b69,HbztcZgdzP8KLVmvZvdKs9v6Gdm7HP6WUSezBSb1g36v
f8e1c1182e0f55e5f37e1b1536e6d1d9631d63bc,HCTnjiFcYuauJonkojytp2DEac2VyziQVkrrRUbYSTfS
f93e8282-0b1e-48a6-8961-3a1010088f83,f6e2107f-7c34-40d3-86a1-fb102bd4393f
f9cc9551-0b33-48b5-8566-b3bc499324e9,8b60cb81-1c5f-44e1-8324-e29bdec0917e
fa0be39882eeb4ac90dd48a9263c4dc28d7bd5b0,7QY4QjeWM6RiuqpCP4FdiNqLyZ581tymFTPPFRkdV2U8
fa174f08-48b5-4b01-b90f-0ae6cdc12238,d763d5ae-a4e4-468d-9cc5-77a180dfb8f6
fb1963b8-6958-423c-9343-c95d0bc5001d,f645971e-8e81-4095-b927-96d8e397c07e
fb6270eb-e9b3-4907-81db-c752bee6faa1,f57e257e-41de-4e2c-9142-6fc09a5a799a
fb93d16c-18bb-47f2-afff-aedae9b1b6dc,3ff386ae-cf0d-4924-9762-6c3759e7a214
fc3b915c-0a1f-4007-bc4c-e1266107586b,17bfcbb0-57db-4b2e-b5a9-67c1af74a86e
fc46f46f-2d70-43e9-af34-488b4060f0ff,0877e515-e386-4fd2-a6ed-4782899e1a15
fc726c15-4b26-4274-a093-4db5c44fa5a7,10fc6ea6-a07e-4f6b-a70e-019bce823d0f
fc736cfc-1002-42cd-9d30-f655a6d2daf8,e78b3879-9601-4059-8b69-63411a389014
fda20367-f71e-4c19-929e-c99d36cf22fd,d6c4ed23-7470-4d5a-a63c-ce0c39c12efc
fe25c75b-b44c-4b98-85a4-7f6b9cec15b1,1816a4a9-e03f-4a60-8717-c2ead29c57ef
fe7c0f0b-4dda-4796-9358-60478b5b1930,8072ed80-f5aa-46cd-bb60-f77413ee828e
fede967a-46a4-4a8d-9458-8d0b34b54b39,9acdd159-f521-49e6-a178-fe89279f3ca0
feee733f-7bbe-4a60-a480-cb226eda702b,b2a73ef0-acdf-47ed-9b90-c53d23ff3f79
ff056fab-4636-4fe8-80e6-a157aef38ea9,2898dfea-6ec5-49cb-9768-83a44d3a16ab
ffc2e6cc918abc352e7d5ec8ca15a8d9dec5fc44,FzhF7dFhuz8ebbPuZaRYJ8JLABAkgw2jPcYCQAH5T5sY
